Num_0dim,Max_0dim,Max_0dim_Minus_Second,Mean_0dim,betti_curve_0,persistence_entropy_0,Num_1dim,Max_1dim,Max_1dim_Minus_Second,Mean_1dim,betti_curve_1,persistence_entropy_1,diagrams,correctness
46,0.8420293927192688,0.01322108507156372,0.5631932992002239,30.56,3.799506087543841,3,0.03884565830230713,0.02290809154510498,0.020802368720372517,0.78,0.9005262821982073,"[array([[0.        , 0.30255091],
       [0.        , 0.30351612],
       [0.        , 0.37337586],
       [0.        , 0.38715273],
       [0.        , 0.4024018 ],
       [0.        , 0.41499496],
       [0.        , 0.41812924],
       [0.        , 0.42880875],
       [0.        , 0.43425018],
       [0.        , 0.43789533],
       [0.        , 0.44354162],
       [0.        , 0.44479972],
       [0.        , 0.45440641],
       [0.        , 0.46008843],
       [0.        , 0.46611732],
       [0.        , 0.47134873],
       [0.        , 0.47154781],
       [0.        , 0.49441165],
       [0.        , 0.50319093],
       [0.        , 0.50763631],
       [0.        , 0.55785513],
       [0.        , 0.56076884],
       [0.        , 0.58982742],
       [0.        , 0.59341764],
       [0.        , 0.60622358],
       [0.        , 0.60852653],
       [0.        , 0.61497611],
       [0.        , 0.61718887],
       [0.        , 0.61771572],
       [0.        , 0.62555343],
       [0.        , 0.62664056],
       [0.        , 0.62679964],
       [0.        , 0.63213915],
       [0.        , 0.63291651],
       [0.        , 0.66104937],
       [0.        , 0.66168731],
       [0.        , 0.6741969 ],
       [0.        , 0.67898482],
       [0.        , 0.68003786],
       [0.        , 0.68407828],
       [0.        , 0.70024782],
       [0.        , 0.75148219],
       [0.        , 0.80344009],
       [0.        , 0.81013548],
       [0.        , 0.82880831],
       [0.        , 0.84202939],
       [0.        ,        inf]]), array([[0.50369948, 0.54254514],
       [0.47137815, 0.48731571],
       [0.46610352, 0.47372741]])]",False
72,12.217510223388672,10.806745052337646,0.9206837714753218,6.02,3.83987902800825,1,0.015695691108703613,0.015695691108703613,0.015695691108703613,0.98,-0.0,"[array([[ 0.        ,  0.09881017],
       [ 0.        ,  0.14946643],
       [ 0.        ,  0.16593944],
       [ 0.        ,  0.16948842],
       [ 0.        ,  0.18040317],
       [ 0.        ,  0.18254504],
       [ 0.        ,  0.19505537],
       [ 0.        ,  0.20431699],
       [ 0.        ,  0.23433079],
       [ 0.        ,  0.23922083],
       [ 0.        ,  0.2591047 ],
       [ 0.        ,  0.32080206],
       [ 0.        ,  0.32837689],
       [ 0.        ,  0.35363853],
       [ 0.        ,  0.35976961],
       [ 0.        ,  0.36646953],
       [ 0.        ,  0.37638703],
       [ 0.        ,  0.48124102],
       [ 0.        ,  0.50076312],
       [ 0.        ,  0.50154376],
       [ 0.        ,  0.51452428],
       [ 0.        ,  0.51993573],
       [ 0.        ,  0.52001357],
       [ 0.        ,  0.54367101],
       [ 0.        ,  0.57170337],
       [ 0.        ,  0.58126348],
       [ 0.        ,  0.59132671],
       [ 0.        ,  0.60554242],
       [ 0.        ,  0.65240312],
       [ 0.        ,  0.65307349],
       [ 0.        ,  0.66954243],
       [ 0.        ,  0.71572465],
       [ 0.        ,  0.71810097],
       [ 0.        ,  0.71840358],
       [ 0.        ,  0.72985071],
       [ 0.        ,  0.7346921 ],
       [ 0.        ,  0.74783039],
       [ 0.        ,  0.77218401],
       [ 0.        ,  0.77971005],
       [ 0.        ,  0.78043634],
       [ 0.        ,  0.7820164 ],
       [ 0.        ,  0.804407  ],
       [ 0.        ,  0.85706669],
       [ 0.        ,  0.90492344],
       [ 0.        ,  0.92116559],
       [ 0.        ,  0.98955053],
       [ 0.        ,  1.01879132],
       [ 0.        ,  1.03054273],
       [ 0.        ,  1.0350492 ],
       [ 0.        ,  1.0559268 ],
       [ 0.        ,  1.05774689],
       [ 0.        ,  1.11227059],
       [ 0.        ,  1.14024842],
       [ 0.        ,  1.15117025],
       [ 0.        ,  1.15199113],
       [ 0.        ,  1.16388679],
       [ 0.        ,  1.17403114],
       [ 0.        ,  1.1953932 ],
       [ 0.        ,  1.1961329 ],
       [ 0.        ,  1.20449913],
       [ 0.        ,  1.2116785 ],
       [ 0.        ,  1.23256195],
       [ 0.        ,  1.24361098],
       [ 0.        ,  1.25267982],
       [ 0.        ,  1.27216232],
       [ 0.        ,  1.28726459],
       [ 0.        ,  1.31523573],
       [ 0.        ,  1.334885  ],
       [ 0.        ,  1.37559569],
       [ 0.        ,  1.40086615],
       [ 0.        ,  1.41076517],
       [ 0.        , 12.21751022],
       [ 0.        ,         inf]]), array([[0.97201174, 0.98770744]])]",False
72,493.7679443359375,491.6953155994415,8.139036453846428,2.4,1.0976546970123884,11,0.10166764259338379,0.023426413536071777,0.03906474330208518,0.76,2.1713391706999765,"[array([[0.00000000e+00, 4.58823919e-01],
       [0.00000000e+00, 4.85417306e-01],
       [0.00000000e+00, 4.92718071e-01],
       [0.00000000e+00, 5.10088444e-01],
       [0.00000000e+00, 5.11412382e-01],
       [0.00000000e+00, 5.68404078e-01],
       [0.00000000e+00, 6.44441605e-01],
       [0.00000000e+00, 7.05562532e-01],
       [0.00000000e+00, 7.06109703e-01],
       [0.00000000e+00, 7.98649073e-01],
       [0.00000000e+00, 8.79213035e-01],
       [0.00000000e+00, 8.95237148e-01],
       [0.00000000e+00, 9.05885756e-01],
       [0.00000000e+00, 9.17296410e-01],
       [0.00000000e+00, 9.32122767e-01],
       [0.00000000e+00, 9.51101720e-01],
       [0.00000000e+00, 9.67097104e-01],
       [0.00000000e+00, 9.78085577e-01],
       [0.00000000e+00, 9.86819088e-01],
       [0.00000000e+00, 1.01760006e+00],
       [0.00000000e+00, 1.05588603e+00],
       [0.00000000e+00, 1.06511116e+00],
       [0.00000000e+00, 1.06711030e+00],
       [0.00000000e+00, 1.07836270e+00],
       [0.00000000e+00, 1.09502447e+00],
       [0.00000000e+00, 1.14106107e+00],
       [0.00000000e+00, 1.15973234e+00],
       [0.00000000e+00, 1.19594681e+00],
       [0.00000000e+00, 1.21246243e+00],
       [0.00000000e+00, 1.24939132e+00],
       [0.00000000e+00, 1.25397229e+00],
       [0.00000000e+00, 1.25982082e+00],
       [0.00000000e+00, 1.30860925e+00],
       [0.00000000e+00, 1.30972612e+00],
       [0.00000000e+00, 1.31527483e+00],
       [0.00000000e+00, 1.32293403e+00],
       [0.00000000e+00, 1.35069263e+00],
       [0.00000000e+00, 1.38409507e+00],
       [0.00000000e+00, 1.38432622e+00],
       [0.00000000e+00, 1.38622499e+00],
       [0.00000000e+00, 1.43200076e+00],
       [0.00000000e+00, 1.45081985e+00],
       [0.00000000e+00, 1.45309436e+00],
       [0.00000000e+00, 1.46837854e+00],
       [0.00000000e+00, 1.53491867e+00],
       [0.00000000e+00, 1.57559097e+00],
       [0.00000000e+00, 1.59225416e+00],
       [0.00000000e+00, 1.60501790e+00],
       [0.00000000e+00, 1.60504758e+00],
       [0.00000000e+00, 1.63097680e+00],
       [0.00000000e+00, 1.63569534e+00],
       [0.00000000e+00, 1.67040217e+00],
       [0.00000000e+00, 1.67208529e+00],
       [0.00000000e+00, 1.67422593e+00],
       [0.00000000e+00, 1.68195236e+00],
       [0.00000000e+00, 1.69096351e+00],
       [0.00000000e+00, 1.69535375e+00],
       [0.00000000e+00, 1.70341253e+00],
       [0.00000000e+00, 1.71080136e+00],
       [0.00000000e+00, 1.71722150e+00],
       [0.00000000e+00, 1.71899021e+00],
       [0.00000000e+00, 1.72267509e+00],
       [0.00000000e+00, 1.72699440e+00],
       [0.00000000e+00, 1.74632776e+00],
       [0.00000000e+00, 1.77572632e+00],
       [0.00000000e+00, 1.81128073e+00],
       [0.00000000e+00, 1.84536850e+00],
       [0.00000000e+00, 1.87213814e+00],
       [0.00000000e+00, 1.87652302e+00],
       [0.00000000e+00, 1.96596348e+00],
       [0.00000000e+00, 2.07262874e+00],
       [0.00000000e+00, 4.93767944e+02],
       [0.00000000e+00,            inf]]), array([[1.79198956, 1.83304513],
       [1.64949512, 1.75116277],
       [1.52184987, 1.55606115],
       [1.52098548, 1.53871   ],
       [1.4617883 , 1.48499048],
       [1.4545424 , 1.53278363],
       [1.44220138, 1.47319674],
       [1.41677523, 1.43223298],
       [1.39378512, 1.3979286 ],
       [1.31583846, 1.35961807],
       [1.28678179, 1.32601535]])]",False
72,493.7257385253906,490.77967166900635,8.798928575383293,2.4,1.4585105191119017,16,0.09457969665527344,0.019452333450317383,0.030394427478313446,0.52,2.3474284261774465,"[array([[  0.        ,   0.58028436],
       [  0.        ,   0.659141  ],
       [  0.        ,   0.71384925],
       [  0.        ,   0.83901972],
       [  0.        ,   0.84532326],
       [  0.        ,   1.05259109],
       [  0.        ,   1.08441901],
       [  0.        ,   1.29958773],
       [  0.        ,   1.30890441],
       [  0.        ,   1.32956707],
       [  0.        ,   1.34906638],
       [  0.        ,   1.35566652],
       [  0.        ,   1.49385512],
       [  0.        ,   1.49818552],
       [  0.        ,   1.50320888],
       [  0.        ,   1.54671776],
       [  0.        ,   1.59226358],
       [  0.        ,   1.5940547 ],
       [  0.        ,   1.63350141],
       [  0.        ,   1.66779506],
       [  0.        ,   1.71043515],
       [  0.        ,   1.72335076],
       [  0.        ,   1.76860356],
       [  0.        ,   1.78927767],
       [  0.        ,   1.80984867],
       [  0.        ,   1.81676412],
       [  0.        ,   1.83489728],
       [  0.        ,   1.837134  ],
       [  0.        ,   1.88092315],
       [  0.        ,   1.89503241],
       [  0.        ,   1.91116989],
       [  0.        ,   1.92167723],
       [  0.        ,   1.9618026 ],
       [  0.        ,   2.05472493],
       [  0.        ,   2.06334472],
       [  0.        ,   2.07310319],
       [  0.        ,   2.08826637],
       [  0.        ,   2.09656787],
       [  0.        ,   2.10479617],
       [  0.        ,   2.13872147],
       [  0.        ,   2.14195514],
       [  0.        ,   2.16318011],
       [  0.        ,   2.17139745],
       [  0.        ,   2.18743801],
       [  0.        ,   2.19356251],
       [  0.        ,   2.22177672],
       [  0.        ,   2.26389194],
       [  0.        ,   2.30814314],
       [  0.        ,   2.31745052],
       [  0.        ,   2.33306503],
       [  0.        ,   2.33810639],
       [  0.        ,   2.348037  ],
       [  0.        ,   2.37317371],
       [  0.        ,   2.37647128],
       [  0.        ,   2.43581867],
       [  0.        ,   2.46519423],
       [  0.        ,   2.46728539],
       [  0.        ,   2.48101568],
       [  0.        ,   2.50377178],
       [  0.        ,   2.5128932 ],
       [  0.        ,   2.52032757],
       [  0.        ,   2.59178901],
       [  0.        ,   2.6189332 ],
       [  0.        ,   2.63358998],
       [  0.        ,   2.63664365],
       [  0.        ,   2.70286798],
       [  0.        ,   2.70455933],
       [  0.        ,   2.72287631],
       [  0.        ,   2.75829625],
       [  0.        ,   2.93009782],
       [  0.        ,   2.94606686],
       [  0.        , 493.72573853],
       [  0.        ,          inf]]), array([[2.6805892 , 2.6836729 ],
       [2.65574217, 2.69481969],
       [2.58742094, 2.59967709],
       [2.50751543, 2.51344275],
       [2.46756124, 2.56214094],
       [2.46373677, 2.52901244],
       [2.37866235, 2.40405774],
       [2.31497312, 2.39010048],
       [2.29785895, 2.37006593],
       [2.21275568, 2.21536779],
       [2.20196772, 2.22679949],
       [2.17027378, 2.19057178],
       [2.14444757, 2.14731312],
       [2.10394263, 2.11968827],
       [1.95428658, 1.96575141],
       [1.82684958, 1.84241271]])]",False
72,493.71331787109375,489.91410398483276,9.48004780213038,2.4,1.7605852924984693,16,0.38097405433654785,0.12720322608947754,0.11325804889202118,1.42,2.416851636913848,"[array([[  0.        ,   0.9937793 ],
       [  0.        ,   1.08087325],
       [  0.        ,   1.22467673],
       [  0.        ,   1.39184499],
       [  0.        ,   1.47819912],
       [  0.        ,   1.49818575],
       [  0.        ,   1.51194644],
       [  0.        ,   1.72109389],
       [  0.        ,   1.7390976 ],
       [  0.        ,   1.81383908],
       [  0.        ,   1.95170355],
       [  0.        ,   1.98119771],
       [  0.        ,   2.05980706],
       [  0.        ,   2.09712672],
       [  0.        ,   2.34828949],
       [  0.        ,   2.41020608],
       [  0.        ,   2.43754983],
       [  0.        ,   2.44145703],
       [  0.        ,   2.46473503],
       [  0.        ,   2.48871827],
       [  0.        ,   2.48900771],
       [  0.        ,   2.5096426 ],
       [  0.        ,   2.52110815],
       [  0.        ,   2.53480506],
       [  0.        ,   2.56835246],
       [  0.        ,   2.57250071],
       [  0.        ,   2.57466531],
       [  0.        ,   2.58287954],
       [  0.        ,   2.5832777 ],
       [  0.        ,   2.58484769],
       [  0.        ,   2.62520814],
       [  0.        ,   2.67621994],
       [  0.        ,   2.6804359 ],
       [  0.        ,   2.7040441 ],
       [  0.        ,   2.71974492],
       [  0.        ,   2.75059485],
       [  0.        ,   2.76341772],
       [  0.        ,   2.77228856],
       [  0.        ,   2.78241658],
       [  0.        ,   2.80085254],
       [  0.        ,   2.80302858],
       [  0.        ,   2.85232806],
       [  0.        ,   2.85696936],
       [  0.        ,   2.91012979],
       [  0.        ,   2.92991328],
       [  0.        ,   2.93472648],
       [  0.        ,   2.9941771 ],
       [  0.        ,   3.01040769],
       [  0.        ,   3.04020023],
       [  0.        ,   3.05711651],
       [  0.        ,   3.07038307],
       [  0.        ,   3.08018446],
       [  0.        ,   3.11210203],
       [  0.        ,   3.11553311],
       [  0.        ,   3.13424492],
       [  0.        ,   3.14035439],
       [  0.        ,   3.16074729],
       [  0.        ,   3.17347741],
       [  0.        ,   3.1759932 ],
       [  0.        ,   3.17718101],
       [  0.        ,   3.24619889],
       [  0.        ,   3.27823138],
       [  0.        ,   3.35481691],
       [  0.        ,   3.36095858],
       [  0.        ,   3.37293887],
       [  0.        ,   3.4035244 ],
       [  0.        ,   3.41388607],
       [  0.        ,   3.51566863],
       [  0.        ,   3.68861723],
       [  0.        ,   3.75623393],
       [  0.        ,   3.79921389],
       [  0.        , 493.71331787],
       [  0.        ,          inf]]), array([[3.86518812, 3.9090066 ],
       [3.57381058, 3.58837438],
       [3.35486841, 3.38089633],
       [3.27901936, 3.28174853],
       [3.26196098, 3.32706833],
       [3.22697806, 3.26020217],
       [3.186059  , 3.43982983],
       [3.17105627, 3.32706833],
       [3.08600307, 3.24165487],
       [3.0618422 , 3.27751756],
       [2.98035073, 3.06319857],
       [2.97377515, 3.06438565],
       [2.93853593, 2.98422027],
       [2.79147053, 3.17244458],
       [2.72263622, 2.82320476],
       [2.68500781, 2.82987046]])]",False
72,493.7121276855469,488.9919066429138,10.188970155186123,2.4,2.0181583686655795,28,0.6622824668884277,0.28765344619750977,0.14560213259288243,3.22,2.9611656315350876,"[array([[  0.        ,   1.47371757],
       [  0.        ,   1.56081605],
       [  0.        ,   1.76343381],
       [  0.        ,   1.81817186],
       [  0.        ,   1.9342097 ],
       [  0.        ,   2.07922196],
       [  0.        ,   2.1397512 ],
       [  0.        ,   2.22976995],
       [  0.        ,   2.28547311],
       [  0.        ,   2.31155825],
       [  0.        ,   2.49294281],
       [  0.        ,   2.57407832],
       [  0.        ,   2.69932795],
       [  0.        ,   2.87693334],
       [  0.        ,   3.09146833],
       [  0.        ,   3.09561086],
       [  0.        ,   3.17381716],
       [  0.        ,   3.21523309],
       [  0.        ,   3.25823045],
       [  0.        ,   3.26145911],
       [  0.        ,   3.26271462],
       [  0.        ,   3.26317048],
       [  0.        ,   3.27084613],
       [  0.        ,   3.29148507],
       [  0.        ,   3.34993076],
       [  0.        ,   3.38450837],
       [  0.        ,   3.40870595],
       [  0.        ,   3.41439414],
       [  0.        ,   3.45306325],
       [  0.        ,   3.45309472],
       [  0.        ,   3.45783639],
       [  0.        ,   3.45819688],
       [  0.        ,   3.46062064],
       [  0.        ,   3.4733243 ],
       [  0.        ,   3.5013628 ],
       [  0.        ,   3.50841665],
       [  0.        ,   3.5467093 ],
       [  0.        ,   3.5581491 ],
       [  0.        ,   3.56375718],
       [  0.        ,   3.56780767],
       [  0.        ,   3.62352061],
       [  0.        ,   3.63862371],
       [  0.        ,   3.65124965],
       [  0.        ,   3.65837479],
       [  0.        ,   3.70499253],
       [  0.        ,   3.71889448],
       [  0.        ,   3.73439622],
       [  0.        ,   3.74302387],
       [  0.        ,   3.74414468],
       [  0.        ,   3.77271438],
       [  0.        ,   3.77358937],
       [  0.        ,   3.77620673],
       [  0.        ,   3.80604744],
       [  0.        ,   3.82788944],
       [  0.        ,   3.83873391],
       [  0.        ,   3.89086676],
       [  0.        ,   3.90416932],
       [  0.        ,   3.92674375],
       [  0.        ,   3.9305656 ],
       [  0.        ,   3.97011471],
       [  0.        ,   3.99031591],
       [  0.        ,   4.01551104],
       [  0.        ,   4.04063272],
       [  0.        ,   4.05101013],
       [  0.        ,   4.09831953],
       [  0.        ,   4.18486214],
       [  0.        ,   4.22871447],
       [  0.        ,   4.28582525],
       [  0.        ,   4.31875277],
       [  0.        ,   4.34137726],
       [  0.        ,   4.72022104],
       [  0.        , 493.71212769],
       [  0.        ,          inf]]), array([[4.56303453, 4.58985949],
       [4.35170889, 4.56378508],
       [4.3353138 , 4.40088844],
       [4.28574848, 4.30797291],
       [4.21444321, 4.39126062],
       [4.20096445, 4.27028608],
       [4.14850664, 4.28353024],
       [4.13286448, 4.27028608],
       [4.11911345, 4.2846365 ],
       [4.09935474, 4.17313957],
       [4.07380819, 4.30797291],
       [4.06289864, 4.34671116],
       [4.0483222 , 4.06466246],
       [4.02544546, 4.40007448],
       [4.02011967, 4.14285421],
       [4.01520967, 4.15755033],
       [3.98943543, 4.02441311],
       [3.92607045, 3.99337316],
       [3.92156267, 3.92708898],
       [3.91649127, 4.09798956],
       [3.90475917, 4.01871634],
       [3.85815763, 3.88656092],
       [3.83694768, 4.16932058],
       [3.62518167, 3.64650345],
       [3.60565662, 4.26793909],
       [3.57571268, 3.75833726],
       [3.35613084, 3.45525599],
       [3.33143401, 3.42028737]])]",False
72,494.0113220214844,488.7648458480835,10.773094983564484,2.4,2.1958290045149624,31,0.5117616653442383,0.03694868087768555,0.1810069699441233,3.42,3.0228049296362682,"[array([[  0.        ,   1.60028517],
       [  0.        ,   2.12561846],
       [  0.        ,   2.15004444],
       [  0.        ,   2.30076027],
       [  0.        ,   2.42785645],
       [  0.        ,   2.47336936],
       [  0.        ,   2.68186498],
       [  0.        ,   2.95518279],
       [  0.        ,   2.97833562],
       [  0.        ,   2.99246645],
       [  0.        ,   3.14152408],
       [  0.        ,   3.1644876 ],
       [  0.        ,   3.3088181 ],
       [  0.        ,   3.38908052],
       [  0.        ,   3.44306111],
       [  0.        ,   3.65681028],
       [  0.        ,   3.67042351],
       [  0.        ,   3.70653677],
       [  0.        ,   3.78564167],
       [  0.        ,   3.80423021],
       [  0.        ,   3.81618547],
       [  0.        ,   3.84955311],
       [  0.        ,   3.86383653],
       [  0.        ,   3.88532162],
       [  0.        ,   3.89989972],
       [  0.        ,   3.90530634],
       [  0.        ,   3.90892959],
       [  0.        ,   3.94966316],
       [  0.        ,   3.94969749],
       [  0.        ,   4.02646637],
       [  0.        ,   4.03626966],
       [  0.        ,   4.03704643],
       [  0.        ,   4.11018944],
       [  0.        ,   4.12317228],
       [  0.        ,   4.15509462],
       [  0.        ,   4.16316462],
       [  0.        ,   4.21080637],
       [  0.        ,   4.22522211],
       [  0.        ,   4.24236393],
       [  0.        ,   4.25388336],
       [  0.        ,   4.26416397],
       [  0.        ,   4.30095911],
       [  0.        ,   4.30160522],
       [  0.        ,   4.3016243 ],
       [  0.        ,   4.30841494],
       [  0.        ,   4.32037592],
       [  0.        ,   4.35338354],
       [  0.        ,   4.37045908],
       [  0.        ,   4.37699938],
       [  0.        ,   4.37760305],
       [  0.        ,   4.37957573],
       [  0.        ,   4.39379025],
       [  0.        ,   4.41725349],
       [  0.        ,   4.42373419],
       [  0.        ,   4.506845  ],
       [  0.        ,   4.50741005],
       [  0.        ,   4.52027702],
       [  0.        ,   4.52843618],
       [  0.        ,   4.53818655],
       [  0.        ,   4.59756136],
       [  0.        ,   4.62467146],
       [  0.        ,   4.65667343],
       [  0.        ,   4.70302296],
       [  0.        ,   4.7235713 ],
       [  0.        ,   4.77820396],
       [  0.        ,   4.82926702],
       [  0.        ,   4.82955217],
       [  0.        ,   4.8429389 ],
       [  0.        ,   4.9506793 ],
       [  0.        ,   5.0093317 ],
       [  0.        ,   5.24647617],
       [  0.        , 494.01132202],
       [  0.        ,          inf]]), array([[5.14179468, 5.21130323],
       [5.09590387, 5.13531017],
       [5.04063511, 5.12228155],
       [4.99981451, 5.0229311 ],
       [4.98981094, 5.32764196],
       [4.9868803 , 4.99600601],
       [4.96793985, 4.97962713],
       [4.87839985, 5.03079033],
       [4.85956192, 4.98512983],
       [4.85529375, 5.26695967],
       [4.82385159, 4.85772705],
       [4.80963182, 5.03107452],
       [4.75671673, 5.10971689],
       [4.7498951 , 5.22470808],
       [4.74453115, 4.77445745],
       [4.7301569 , 4.85398197],
       [4.7059474 , 4.84646416],
       [4.70245361, 5.10111952],
       [4.68288517, 4.68316412],
       [4.66377354, 4.69053555],
       [4.65882206, 4.6913352 ],
       [4.64193869, 4.95076513],
       [4.61699963, 4.76885891],
       [4.53533411, 4.90787458],
       [4.53030777, 4.70742559],
       [4.47161102, 4.98337269],
       [4.39266396, 4.69053555],
       [4.31319141, 4.77015877],
       [4.03184414, 4.04075813],
       [3.83789492, 3.97084379],
       [3.70158339, 3.7964263 ]])]",False
72,494.1654968261719,488.34483098983765,11.256121461590132,2.4,2.3261363628403773,35,0.7183451652526855,0.16620969772338867,0.20985678264072963,3.44,3.172747650476428,"[array([[  0.        ,   1.95689261],
       [  0.        ,   2.63787007],
       [  0.        ,   2.78840327],
       [  0.        ,   2.84589744],
       [  0.        ,   2.97841096],
       [  0.        ,   2.98309422],
       [  0.        ,   3.08218503],
       [  0.        ,   3.27589846],
       [  0.        ,   3.47312689],
       [  0.        ,   3.48397946],
       [  0.        ,   3.62478185],
       [  0.        ,   3.87874866],
       [  0.        ,   3.92795134],
       [  0.        ,   3.93359113],
       [  0.        ,   3.95802402],
       [  0.        ,   3.98146796],
       [  0.        ,   3.99701262],
       [  0.        ,   3.99918199],
       [  0.        ,   4.09260368],
       [  0.        ,   4.12229156],
       [  0.        ,   4.16279221],
       [  0.        ,   4.24113894],
       [  0.        ,   4.25775814],
       [  0.        ,   4.29711771],
       [  0.        ,   4.31799316],
       [  0.        ,   4.34714222],
       [  0.        ,   4.41436338],
       [  0.        ,   4.43511581],
       [  0.        ,   4.53374434],
       [  0.        ,   4.54110479],
       [  0.        ,   4.54615784],
       [  0.        ,   4.55339384],
       [  0.        ,   4.60716391],
       [  0.        ,   4.64093065],
       [  0.        ,   4.64176846],
       [  0.        ,   4.65093803],
       [  0.        ,   4.67779589],
       [  0.        ,   4.68142509],
       [  0.        ,   4.71756506],
       [  0.        ,   4.75202465],
       [  0.        ,   4.76417065],
       [  0.        ,   4.76672125],
       [  0.        ,   4.78268433],
       [  0.        ,   4.78541279],
       [  0.        ,   4.78555059],
       [  0.        ,   4.81108809],
       [  0.        ,   4.85252428],
       [  0.        ,   4.86557102],
       [  0.        ,   4.89919472],
       [  0.        ,   4.92723274],
       [  0.        ,   4.95859766],
       [  0.        ,   4.96882105],
       [  0.        ,   4.98483467],
       [  0.        ,   4.98817062],
       [  0.        ,   4.99420929],
       [  0.        ,   4.99687529],
       [  0.        ,   5.0026989 ],
       [  0.        ,   5.03364277],
       [  0.        ,   5.05330133],
       [  0.        ,   5.15240479],
       [  0.        ,   5.17330027],
       [  0.        ,   5.18202591],
       [  0.        ,   5.2152853 ],
       [  0.        ,   5.22214365],
       [  0.        ,   5.23327208],
       [  0.        ,   5.29586601],
       [  0.        ,   5.36395979],
       [  0.        ,   5.40300703],
       [  0.        ,   5.46108627],
       [  0.        ,   5.49208212],
       [  0.        ,   5.82066584],
       [  0.        , 494.16549683],
       [  0.        ,          inf]]), array([[6.14276075, 6.20959568],
       [5.80536652, 5.8119874 ],
       [5.80150366, 5.84114361],
       [5.78517389, 5.84839725],
       [5.7287569 , 5.77445889],
       [5.72598648, 5.86758804],
       [5.62784243, 5.772264  ],
       [5.49884987, 5.74461699],
       [5.46601343, 5.55217075],
       [5.46435261, 5.57228327],
       [5.44268084, 5.95831776],
       [5.42458391, 5.44749832],
       [5.41692972, 5.64361668],
       [5.34570265, 5.45048046],
       [5.34473944, 5.49112844],
       [5.31719971, 5.86933517],
       [5.29455328, 5.30055618],
       [5.29233932, 5.30251503],
       [5.28336525, 5.81200838],
       [5.28181314, 5.59623575],
       [5.2763586 , 5.51669455],
       [5.25836086, 5.29988575],
       [5.22058487, 5.93893003],
       [5.21953106, 5.65772724],
       [5.20947218, 5.2096796 ],
       [5.17199039, 5.62133598],
       [5.16315794, 5.5719018 ],
       [5.13984442, 5.41517925],
       [5.04870462, 5.28656006],
       [5.02696466, 5.14533615],
       [4.99837589, 5.219275  ],
       [4.90068579, 5.2161231 ],
       [4.5607686 , 4.6052413 ],
       [4.15196419, 4.35574102],
       [4.07400942, 4.33046579]])]",False
72,494.1413879394531,486.5916118621826,11.815143820312288,2.4,2.460353419189315,33,0.8180928230285645,0.038651466369628906,0.23918393163970023,3.26,3.1285448100846107,"[array([[  0.        ,   2.16516352],
       [  0.        ,   2.79573536],
       [  0.        ,   3.19221687],
       [  0.        ,   3.21103811],
       [  0.        ,   3.56007552],
       [  0.        ,   3.82023787],
       [  0.        ,   3.91739964],
       [  0.        ,   4.11929274],
       [  0.        ,   4.16680384],
       [  0.        ,   4.19795752],
       [  0.        ,   4.203578  ],
       [  0.        ,   4.24169159],
       [  0.        ,   4.28311443],
       [  0.        ,   4.45723772],
       [  0.        ,   4.49232244],
       [  0.        ,   4.5107193 ],
       [  0.        ,   4.53670073],
       [  0.        ,   4.54423237],
       [  0.        ,   4.59553957],
       [  0.        ,   4.64773989],
       [  0.        ,   4.67433882],
       [  0.        ,   4.78792143],
       [  0.        ,   4.85142088],
       [  0.        ,   4.85330772],
       [  0.        ,   4.90609169],
       [  0.        ,   4.98611832],
       [  0.        ,   4.98681355],
       [  0.        ,   4.99658871],
       [  0.        ,   5.02290106],
       [  0.        ,   5.0398736 ],
       [  0.        ,   5.04309988],
       [  0.        ,   5.05113602],
       [  0.        ,   5.09569168],
       [  0.        ,   5.09953785],
       [  0.        ,   5.10621166],
       [  0.        ,   5.14528465],
       [  0.        ,   5.21679974],
       [  0.        ,   5.23004246],
       [  0.        ,   5.2618494 ],
       [  0.        ,   5.29385757],
       [  0.        ,   5.29814768],
       [  0.        ,   5.30556536],
       [  0.        ,   5.31577396],
       [  0.        ,   5.32667494],
       [  0.        ,   5.34961271],
       [  0.        ,   5.36901474],
       [  0.        ,   5.37522697],
       [  0.        ,   5.38920116],
       [  0.        ,   5.40359783],
       [  0.        ,   5.47752905],
       [  0.        ,   5.49982262],
       [  0.        ,   5.51834393],
       [  0.        ,   5.533916  ],
       [  0.        ,   5.55528069],
       [  0.        ,   5.55602217],
       [  0.        ,   5.56137705],
       [  0.        ,   5.57831526],
       [  0.        ,   5.5993948 ],
       [  0.        ,   5.65504217],
       [  0.        ,   5.65583086],
       [  0.        ,   5.7373786 ],
       [  0.        ,   5.80258703],
       [  0.        ,   5.80650091],
       [  0.        ,   5.83381128],
       [  0.        ,   5.8599987 ],
       [  0.        ,   5.86394072],
       [  0.        ,   5.89326429],
       [  0.        ,   5.98180246],
       [  0.        ,   6.1176548 ],
       [  0.        ,   6.4708786 ],
       [  0.        ,   7.54977608],
       [  0.        , 494.14138794],
       [  0.        ,          inf]]), array([[6.52393866, 6.64176607],
       [6.41262197, 6.59207344],
       [6.35746002, 6.36632061],
       [6.33669996, 6.40717649],
       [6.22008467, 6.67301893],
       [6.17902374, 6.34030867],
       [6.1087122 , 6.11122227],
       [6.09887457, 6.13205957],
       [6.02950716, 6.19062901],
       [6.02108717, 6.35533762],
       [5.9982295 , 6.50691175],
       [5.99812555, 6.27911949],
       [5.93978119, 6.29904938],
       [5.9219594 , 6.01139498],
       [5.91074705, 6.72883987],
       [5.89422703, 6.14827061],
       [5.87522459, 6.0835948 ],
       [5.87266493, 6.00304222],
       [5.86543083, 5.96050739],
       [5.86151266, 6.43586063],
       [5.86138582, 5.96050739],
       [5.85719061, 5.86521435],
       [5.80956221, 6.31678677],
       [5.77449703, 6.01558447],
       [5.70767546, 5.78855515],
       [5.68732166, 5.9027915 ],
       [5.67626238, 5.8841157 ],
       [5.67416048, 6.45360184],
       [5.60978746, 5.61029911],
       [5.55925322, 5.88761663],
       [4.99379492, 5.03919315],
       [4.53966379, 4.82997131],
       [4.367064  , 4.61586046]])]",False
72,494.1790771484375,485.7133731842041,12.16990774207645,2.4,2.5372765451898767,32,0.7875461578369141,0.017589569091796875,0.2571113556623459,3.44,3.1282445224086093,"[array([[  0.        ,   2.46523142],
       [  0.        ,   3.10235214],
       [  0.        ,   3.36867237],
       [  0.        ,   3.45337868],
       [  0.        ,   4.1786232 ],
       [  0.        ,   4.28485489],
       [  0.        ,   4.36112118],
       [  0.        ,   4.36614943],
       [  0.        ,   4.3742342 ],
       [  0.        ,   4.63054323],
       [  0.        ,   4.65176296],
       [  0.        ,   4.67358541],
       [  0.        ,   4.75297499],
       [  0.        ,   4.82267427],
       [  0.        ,   4.88519669],
       [  0.        ,   4.88671207],
       [  0.        ,   4.90928125],
       [  0.        ,   4.96677876],
       [  0.        ,   4.97064638],
       [  0.        ,   4.98798418],
       [  0.        ,   5.00594902],
       [  0.        ,   5.04605675],
       [  0.        ,   5.0596056 ],
       [  0.        ,   5.07329941],
       [  0.        ,   5.15660429],
       [  0.        ,   5.15724039],
       [  0.        ,   5.17630911],
       [  0.        ,   5.17917395],
       [  0.        ,   5.24913645],
       [  0.        ,   5.32788038],
       [  0.        ,   5.35984612],
       [  0.        ,   5.39281988],
       [  0.        ,   5.4097333 ],
       [  0.        ,   5.41028929],
       [  0.        ,   5.47257471],
       [  0.        ,   5.50004482],
       [  0.        ,   5.50513649],
       [  0.        ,   5.52104759],
       [  0.        ,   5.52869511],
       [  0.        ,   5.5739913 ],
       [  0.        ,   5.60110188],
       [  0.        ,   5.63205004],
       [  0.        ,   5.63616753],
       [  0.        ,   5.65150309],
       [  0.        ,   5.65370607],
       [  0.        ,   5.65997934],
       [  0.        ,   5.71201038],
       [  0.        ,   5.76467133],
       [  0.        ,   5.79767275],
       [  0.        ,   5.80912924],
       [  0.        ,   5.81538343],
       [  0.        ,   5.81827164],
       [  0.        ,   5.82873917],
       [  0.        ,   5.84116125],
       [  0.        ,   5.9503336 ],
       [  0.        ,   5.96036434],
       [  0.        ,   5.96888733],
       [  0.        ,   6.00981283],
       [  0.        ,   6.01469898],
       [  0.        ,   6.06865025],
       [  0.        ,   6.12250566],
       [  0.        ,   6.13769293],
       [  0.        ,   6.20225906],
       [  0.        ,   6.21158075],
       [  0.        ,   6.35780907],
       [  0.        ,   6.41356564],
       [  0.        ,   6.45215654],
       [  0.        ,   6.52630138],
       [  0.        ,   6.87657022],
       [  0.        ,   6.89564896],
       [  0.        ,   8.46570396],
       [  0.        , 494.17907715],
       [  0.        ,          inf]]), array([[7.06987953, 7.10311317],
       [6.84344625, 6.87959099],
       [6.80095959, 6.92485428],
       [6.72391796, 6.8697319 ],
       [6.69596148, 6.93473387],
       [6.69247341, 6.95975828],
       [6.57066727, 7.0492444 ],
       [6.48266983, 6.89654255],
       [6.45837927, 6.56940842],
       [6.45175934, 6.4941988 ],
       [6.43533182, 6.61923838],
       [6.43527126, 6.5422287 ],
       [6.42892313, 6.7715168 ],
       [6.4121089 , 6.45076466],
       [6.37999535, 6.43281651],
       [6.36032581, 6.49231386],
       [6.3509202 , 6.42303038],
       [6.32714605, 6.39240074],
       [6.31928396, 6.32099104],
       [6.30158854, 6.39240074],
       [6.30008984, 6.63935757],
       [6.23308563, 6.32953215],
       [6.23049402, 6.60054111],
       [6.20439291, 6.62922287],
       [6.15754414, 6.44496918],
       [6.07641172, 6.65005922],
       [6.04043436, 6.52518129],
       [6.01475286, 6.23115778],
       [5.97574949, 6.76329565],
       [5.87057447, 6.64053106],
       [4.80359745, 5.34449148],
       [4.72139597, 5.07987738]])]",False
72,494.23974609375,486.06391620635986,12.440774788459143,2.4,2.5923937179101735,34,0.6321821212768555,0.04658031463623047,0.23797673337599812,3.22,3.180255255746536,"[array([[  0.        ,   2.59129524],
       [  0.        ,   3.43331099],
       [  0.        ,   3.55751061],
       [  0.        ,   3.64729404],
       [  0.        ,   4.38697577],
       [  0.        ,   4.48141003],
       [  0.        ,   4.61916876],
       [  0.        ,   4.62397766],
       [  0.        ,   4.75773001],
       [  0.        ,   4.81629753],
       [  0.        ,   4.94528389],
       [  0.        ,   4.9925766 ],
       [  0.        ,   5.0767889 ],
       [  0.        ,   5.07758808],
       [  0.        ,   5.17609835],
       [  0.        ,   5.22862291],
       [  0.        ,   5.23050451],
       [  0.        ,   5.24211454],
       [  0.        ,   5.24478483],
       [  0.        ,   5.24487972],
       [  0.        ,   5.29351473],
       [  0.        ,   5.32418203],
       [  0.        ,   5.32499552],
       [  0.        ,   5.32596684],
       [  0.        ,   5.33964396],
       [  0.        ,   5.42285824],
       [  0.        ,   5.47415495],
       [  0.        ,   5.47832012],
       [  0.        ,   5.50674915],
       [  0.        ,   5.56612015],
       [  0.        ,   5.60093212],
       [  0.        ,   5.65036964],
       [  0.        ,   5.68005276],
       [  0.        ,   5.70644474],
       [  0.        ,   5.7153101 ],
       [  0.        ,   5.73122883],
       [  0.        ,   5.73701334],
       [  0.        ,   5.81950569],
       [  0.        ,   5.84276295],
       [  0.        ,   5.85522032],
       [  0.        ,   5.87966824],
       [  0.        ,   5.89315844],
       [  0.        ,   5.91697645],
       [  0.        ,   5.94682026],
       [  0.        ,   5.96206093],
       [  0.        ,   5.96458864],
       [  0.        ,   5.96539021],
       [  0.        ,   5.97472715],
       [  0.        ,   5.9983983 ],
       [  0.        ,   6.06442165],
       [  0.        ,   6.08514261],
       [  0.        ,   6.101933  ],
       [  0.        ,   6.10741091],
       [  0.        ,   6.10826445],
       [  0.        ,   6.11166   ],
       [  0.        ,   6.19409227],
       [  0.        ,   6.21359444],
       [  0.        ,   6.23373365],
       [  0.        ,   6.25431156],
       [  0.        ,   6.27532864],
       [  0.        ,   6.39012575],
       [  0.        ,   6.47951365],
       [  0.        ,   6.511549  ],
       [  0.        ,   6.60716105],
       [  0.        ,   6.62456369],
       [  0.        ,   6.63630342],
       [  0.        ,   6.86242151],
       [  0.        ,   7.28776693],
       [  0.        ,   7.37927961],
       [  0.        ,   7.52028322],
       [  0.        ,   8.17582989],
       [  0.        , 494.23974609],
       [  0.        ,          inf]]), array([[7.54743338, 7.61195421],
       [7.43969107, 7.44199657],
       [7.37131071, 7.54240131],
       [7.10989571, 7.18517303],
       [7.09459782, 7.27503347],
       [7.05791521, 7.35187817],
       [6.99415493, 7.06186533],
       [6.98111629, 7.00688171],
       [6.96098375, 7.32199621],
       [6.95679951, 7.54240131],
       [6.94275331, 6.9673543 ],
       [6.90487385, 7.2310667 ],
       [6.89697647, 6.974823  ],
       [6.83795929, 7.00965071],
       [6.80578089, 6.8655076 ],
       [6.80189037, 6.8418932 ],
       [6.75760603, 6.77126503],
       [6.70022535, 6.86027145],
       [6.68348074, 6.86997461],
       [6.63913536, 6.65494156],
       [6.59110022, 6.69292545],
       [6.52846575, 7.02504778],
       [6.50225115, 6.91792154],
       [6.49945927, 6.63751364],
       [6.43012381, 7.00190783],
       [6.42065001, 6.62773752],
       [6.38718033, 7.01936245],
       [6.36861038, 6.7591157 ],
       [6.344522  , 6.80055428],
       [6.3155508 , 6.67295361],
       [6.23406172, 6.79123116],
       [6.02593327, 6.13510132],
       [5.29516363, 5.55830717],
       [5.19339895, 5.68425131]])]",False
